Name,Age,Saison
Shay Given,35,2010-2011
Stuart Taylor,30,2010-2011
Joe Hart,24,2010-2011
Micah Richards,23,2010-2011
Wayne Bridge,30,2010-2011
Vincent Kompany,25,2010-2011
Aleksandar Kolarov,25,2010-2011
Jérôme Boateng,22,2010-2011
Joleon Lescott,28,2010-2011
Greg Cunningham,20,2010-2011
Kolo Touré,30,2010-2011
Shay Logan,23,2010-2011
Javan Vidal,22,2010-2011
Dedryck Boyata,20,2010-2011
Ben Mee,21,2010-2011
Ryan McGivern,21,2010-2011
Frédéric Veseli,18,2010-2011
Reece Wabara,19,2010-2011
Omar Elabdellaoui,19,2010-2011
Razak Nuhu,20,2010-2011
Nedum Onuoha,24,2010-2011
Patrick Vieira,35,2010-2011
Abdul Razak,18,2010-2011
Pablo Zabaleta,26,2010-2011
Michael Johnson,23,2010-2011
James Milner,25,2010-2011
Stephen Ireland,24,2010-2011
Shaun Wright-Phillips,29,2010-2011
Adam Johnson,23,2010-2011
Gareth Barry,30,2010-2011
David Silva,25,2010-2011
Nigel de Jong,26,2010-2011
Scott Kay,21,2010-2011
Yaya Touré,28,2010-2011
Abdisalam Ibrahim,20,2010-2011
Chris Chantler,20,2010-2011
Andrew Tutte,20,2010-2011
Emmanuel Adebayor,27,2010-2011
Edin Dzeko,25,2010-2011
Roque Santa Cruz,29,2010-2011
Jô,24,2010-2011
Carlos Tévez,27,2010-2011
Craig Bellamy,31,2010-2011
Mario Balotelli,20,2010-2011
Alex Nimely,20,2010-2011
John Guidetti,19,2010-2011
Stuart Taylor,31,2011-2012
Joe Hart,25,2011-2012
Costel Pantilimon,25,2011-2012
Gunnar Nielsen,25,2011-2012
Eirik Johansen,19,2011-2012
Ryan McGivern,22,2011-2012
Micah Richards,24,2011-2012
Wayne Bridge,31,2011-2012
Vincent Kompany,26,2011-2012
Pablo Zabaleta,27,2011-2012
Joleon Lescott,29,2011-2012
Aleksandar Kolarov,26,2011-2012
Stefan Savić,21,2011-2012
Gaël Clichy,26,2011-2012
Kolo Touré,31,2011-2012
Karim Rekik,17,2011-2012
Tommy Smith,20,2011-2012
Frédéric Veseli,19,2011-2012
Reece Wabara,20,2011-2012
Omar Elabdellaoui,20,2011-2012
Nedum Onuoha,25,2011-2012
Owen Hargreaves,31,2011-2012
James Milner,26,2011-2012
Shaun Wright-Phillips,30,2011-2012
David Pizarro,32,2011-2012
Adam Johnson,24,2011-2012
Gareth Barry,31,2011-2012
Samir Nasri,25,2011-2012
David Silva,26,2011-2012
Nigel de Jong,27,2011-2012
Denis Suárez,18,2011-2012
Yaya Touré,29,2011-2012
Chris Chantler,21,2011-2012
Abdul Razak,19,2011-2012
Joan Román,19,2011-2012
Edin Dzeko,26,2011-2012
Sergio Agüero,24,2011-2012
Carlos Tévez,28,2011-2012
Mario Balotelli,21,2011-2012
Harry Bunn,19,2011-2012
Luca Scapuzzi,21,2011-2012
Joe Hart,26,2012-2013
Richard Wright,35,2012-2013
Costel Pantilimon,26,2012-2013
Gunnar Nielsen,26,2012-2013
Eirik Johansen,20,2012-2013
Karim Rekik,18,2012-2013
Ryan McGivern,23,2012-2013
Reece Wabara,21,2012-2013
Omar Elabdellaoui,21,2012-2013
Jérémy Hélan,21,2012-2013
Micah Richards,25,2012-2013
Maicon,31,2012-2013
Pablo Zabaleta,28,2012-2013
Vincent Kompany,27,2012-2013
Joleon Lescott,30,2012-2013
Stefan Savić,22,2012-2013
Kolo Touré,32,2012-2013
Matija Nastasic,20,2012-2013
Courtney Meppen-Walter,18,2012-2013
Aleksandar Kolarov,27,2012-2013
Gaël Clichy,27,2012-2013
Emyr Huws,19,2012-2013
Adam Johnson,25,2012-2013
Denis Suárez,19,2012-2013
Abdul Razak,20,2012-2013
Nir Bitton,21,2012-2013
Michael Johnson,25,2012-2013
Javi García,26,2012-2013
Jack Rodwell,22,2012-2013
Nigel de Jong,28,2012-2013
George Evans,18,2012-2013
James Milner,27,2012-2013
Albert Rusnák,18,2012-2013
Samir Nasri,26,2012-2013
David Silva,27,2012-2013
Gareth Barry,32,2012-2013
Yaya Touré,30,2012-2013
Filippo Mancini,22,2012-2013
Edin Dzeko,27,2012-2013
Sergio Agüero,25,2012-2013
Harry Bunn,20,2012-2013
Luca Scapuzzi,22,2012-2013
Rony Lopes,17,2012-2013
Scott Sinclair,24,2012-2013
Carlos Tévez,29,2012-2013
Alex Nimely,22,2012-2013
Mario Balotelli,22,2012-2013
Khaldoon Al Mubarak,37,2012-2013
Joe Hart,27,2013-2014
Richard Wright,36,2013-2014
Costel Pantilimon,27,2013-2014
Greg Leigh,19,2013-2014
Micah Richards,26,2013-2014
Gaël Clichy,28,2013-2014
Pablo Zabaleta,29,2013-2014
Vincent Kompany,28,2013-2014
Joleon Lescott,31,2013-2014
Martín Demichelis,33,2013-2014
Matija Nastasic,21,2013-2014
Dedryck Boyata,23,2013-2014
Aleksandar Kolarov,28,2013-2014
Emyr Huws,20,2013-2014
Sinan Bytyqi,19,2013-2014
Javi García,27,2013-2014
Jack Rodwell,23,2013-2014
Fernandinho,29,2013-2014
James Milner,28,2013-2014
Jesús Navas,28,2013-2014
Samir Nasri,27,2013-2014
David Silva,28,2013-2014
Yaya Touré,31,2013-2014
Jordy Hiwula,19,2013-2014
John Guidetti,22,2013-2014
Rony Lopes,18,2013-2014
Álvaro Negredo,28,2013-2014
Edin Dzeko,28,2013-2014
Sergio Agüero,26,2013-2014
Stevan Jovetic,24,2013-2014
Khaldoon Al Mubarak,38,2013-2014
Joe Hart,28,2014-2015
Willy Caballero,33,2014-2015
Richard Wright,37,2014-2015
Ian Lawlor,20,2014-2015
Pablo Maffeo,17,2014-2015
Micah Richards,27,2014-2015
Bacary Sagna,32,2014-2015
Pablo Zabaleta,30,2014-2015
Vincent Kompany,29,2014-2015
Karim Rekik,20,2014-2015
Eliaquim Mangala,24,2014-2015
Martín Demichelis,34,2014-2015
Matija Nastasic,22,2014-2015
Dedryck Boyata,24,2014-2015
Mathias Bossaerts,18,2014-2015
Jason Denayer,20,2014-2015
Aleksandar Kolarov,29,2014-2015
Gaël Clichy,29,2014-2015
Greg Leigh,20,2014-2015
Angeliño Tasende,18,2014-2015
Emyr Huws,21,2014-2015
Olivier Ntcham,19,2014-2015
Seko Fofana,20,2014-2015
Manu García,17,2014-2015
Fernando,27,2014-2015
Fernandinho,30,2014-2015
George Evans,20,2014-2015
George Glendon,20,2014-2015
James Milner,29,2014-2015
Jesús Navas,29,2014-2015
David Silva,29,2014-2015
Bersant Celina,18,2014-2015
Frank Lampard,37,2014-2015
Bruno Zuculini,22,2014-2015
Yaya Touré,32,2014-2015
Samir Nasri,28,2014-2015
Brandon Barker,18,2014-2015
Wilfried Bony,26,2014-2015
Sinan Bytyqi,20,2014-2015
Scott Sinclair,26,2014-2015
Edin Dzeko,29,2014-2015
Sergio Agüero,27,2014-2015
Stevan Jovetic,25,2014-2015
Thierry Ambrose,18,2014-2015
José Ángel Pozo,19,2014-2015
Khaldoon Al Mubarak,39,2014-2015
Richard Wright,38,2015-2016
Joe Hart,29,2015-2016
Willy Caballero,34,2015-2016
Pablo Maffeo,18,2015-2016
Angeliño Tasende,19,2015-2016
Ellis Plummer,21,2015-2016
Bacary Sagna,33,2015-2016
Pablo Zabaleta,31,2015-2016
Vincent Kompany,30,2015-2016
Eliaquim Mangala,25,2015-2016
Martín Demichelis,35,2015-2016
Jason Denayer,21,2015-2016
Nicolás Otamendi,28,2015-2016
Tosin Adarabioyo,18,2015-2016
Cameron Humphreys,17,2015-2016
Aleksandar Kolarov,30,2015-2016
Gaël Clichy,30,2015-2016
Bruno Zuculini,23,2015-2016
James Horsfield,20,2015-2016
Brandon Barker,19,2015-2016
Fernando,28,2015-2016
Fernandinho,31,2015-2016
George Evans,21,2015-2016
George Glendon,21,2015-2016
Seko Fofana,21,2015-2016
Olivier Ntcham,20,2015-2016
Kevin De Bruyne,25,2015-2016
David Silva,30,2015-2016
Bersant Celina,19,2015-2016
Manu García,18,2015-2016
Fabian Delph,26,2015-2016
Yaya Touré,33,2015-2016
Aleix García,19,2015-2016
José Ángel Pozo,20,2015-2016
Jesús Navas,30,2015-2016
Patrick Roberts,19,2015-2016
Sergio Agüero,28,2015-2016
Wilfried Bony,27,2015-2016
David Faupala,19,2015-2016
Kelechi Iheanacho,19,2015-2016
Enes Unal,19,2015-2016
Raheem Sterling,21,2015-2016
Samir Nasri,29,2015-2016
Khaldoon Al Mubarak,40,2015-2016
Joe Hart,30,2016-2017
Claudio Bravo,34,2016-2017
Willy Caballero,35,2016-2017
Angus Gunn,21,2016-2017
Billy O´Brien,21,2016-2017
Pablo Maffeo,19,2016-2017
Cameron Humphreys,18,2016-2017
Bacary Sagna,34,2016-2017
Pablo Zabaleta,32,2016-2017
Vincent Kompany,31,2016-2017
John Stones,23,2016-2017
Jason Denayer,22,2016-2017
Nicolás Otamendi,29,2016-2017
Tosin Adarabioyo,19,2016-2017
Aleksandar Kolarov,31,2016-2017
Gaël Clichy,31,2016-2017
Angeliño Tasende,20,2016-2017
James Horsfield,21,2016-2017
Brandon Barker,20,2016-2017
Aleix García,20,2016-2017
Manu García,19,2016-2017
Phil Foden,17,2016-2017
Fernando,29,2016-2017
Fernandinho,32,2016-2017
Kevin De Bruyne,26,2016-2017
David Silva,31,2016-2017
Oleksandr Zinchenko,20,2016-2017
Brahim Díaz,17,2016-2017
Bersant Celina,20,2016-2017
Ilkay Gundogan,26,2016-2017
Fabian Delph,27,2016-2017
Bruno Zuculini,24,2016-2017
Yaya Touré,34,2016-2017
Raheem Sterling,22,2016-2017
Jesús Navas,31,2016-2017
Sergio Agüero,29,2016-2017
Gabriel Jesus,20,2016-2017
Kelechi Iheanacho,20,2016-2017
Samir Nasri,30,2016-2017
Nolito,30,2016-2017
Leroy Sané,21,2016-2017
Claudio Bravo,35,2017-2018
Ederson Moraes,24,2017-2018
Daniel Grimshaw,20,2017-2018
Arijanet Muric,19,2017-2018
Jason Denayer,23,2017-2018
Joel Latibeaudiere,18,2017-2018
Tyreke Wilson,18,2017-2018
Kyle Walker,28,2017-2018
Danilo,26,2017-2018
Demeaco Duhaney,19,2017-2018
Vincent Kompany,32,2017-2018
John Stones,24,2017-2018
Aymeric Laporte,24,2017-2018
Eliaquim Mangala,27,2017-2018
Tosin Adarabioyo,20,2017-2018
Nicolás Otamendi,30,2017-2018
Fabian Delph,28,2017-2018
Benjamin Mendy,23,2017-2018
Oleksandr Zinchenko,21,2017-2018
Tom Dele-Bashiru,18,2017-2018
Fernandinho,33,2017-2018
Yaya Touré,35,2017-2018
Kevin De Bruyne,27,2017-2018
David Silva,32,2017-2018
Brahim Díaz,18,2017-2018
Ilkay Gundogan,27,2017-2018
Phil Foden,18,2017-2018
Raheem Sterling,23,2017-2018
Bernardo Silva,23,2017-2018
Sergio Agüero,30,2017-2018
Gabriel Jesus,21,2017-2018
Lukas Nmecha,19,2017-2018
Leroy Sané,22,2017-2018
Jadon Sancho,18,2017-2018
Claudio Bravo,36,2018-2019
Ederson Moraes,25,2018-2019
Daniel Grimshaw,21,2018-2019
Arijanet Muric,20,2018-2019
Cameron Humphreys,20,2018-2019
Kyle Walker,29,2018-2019
Danilo,27,2018-2019
Vincent Kompany,33,2018-2019
John Stones,25,2018-2019
Aymeric Laporte,25,2018-2019
Nicolás Otamendi,31,2018-2019
Philippe Sandler,22,2018-2019
Eric García,18,2018-2019
Benjamin Mendy,24,2018-2019
Tyreke Wilson,19,2018-2019
Nathanael Ogbeta,18,2018-2019
Oleksandr Zinchenko,22,2018-2019
Fernandinho,34,2018-2019
Iker Pozo,18,2018-2019
Tom Dele-Bashiru,19,2018-2019
Claudio Gomes,18,2018-2019
Kevin De Bruyne,28,2018-2019
David Silva,33,2018-2019
Felix Nmecha,18,2018-2019
Adrián Bernabé,18,2018-2019
Ilkay Gundogan,28,2018-2019
Fabian Delph,29,2018-2019
Phil Foden,19,2018-2019
Taylor Richards,18,2018-2019
Benjamin Garré,18,2018-2019
Jack Harrison,22,2018-2019
Brahim Díaz,19,2018-2019
Bernardo Silva,24,2018-2019
Riyad Mahrez,28,2018-2019
Patrick Roberts,22,2018-2019
Luke Bolton,19,2018-2019
Ian Poveda,19,2018-2019
Sergio Agüero,31,2018-2019
Gabriel Jesus,22,2018-2019
Nabil Touaizi,18,2018-2019
Raheem Sterling,24,2018-2019
Leroy Sané,23,2018-2019
Claudio Bravo,37,2019-2020
Ederson Moraes,26,2019-2020
Daniel Grimshaw,22,2019-2020
Scott Carson,34,2019-2020
Gavin Bazunu,18,2019-2020
Harwood-Bellis,18,2019-2020
Kyle Walker,30,2019-2020
João Cancelo,26,2019-2020
Alpha Dionkou,18,2019-2020
John Stones,26,2019-2020
Aymeric Laporte,26,2019-2020
Nicolás Otamendi,32,2019-2020
Eric García,19,2019-2020
Oleksandr Zinchenko,23,2019-2020
Angeliño Tasende,23,2019-2020
Benjamin Mendy,26,2019-2020
Iker Pozo,19,2019-2020
Aleix García,23,2019-2020
Cole Palmer,18,2019-2020
Rodri Hernández,24,2019-2020
Fernandinho,35,2019-2020
Kevin De Bruyne,29,2019-2020
Bernardo Silva,25,2019-2020
David Silva,34,2019-2020
Adrián Bernabé,19,2019-2020
Ilkay Gundogan,29,2019-2020
Tommy Doyle,18,2019-2020
Luke Bolton,20,2019-2020
Ian Poveda,20,2019-2020
Ben Knight,18,2019-2020
Riyad Mahrez,29,2019-2020
Phil Foden,20,2019-2020
Gabriel Jesus,23,2019-2020
Sergio Agüero,32,2019-2020
Nabil Touaizi,19,2019-2020
Raheem Sterling,25,2019-2020
Leroy Sané,24,2019-2020
Edwin van der Sar,40,2010-2011
Tomasz Kuszczak,29,2010-2011
Anders Lindegaard,27,2010-2011
Ben Amos,21,2010-2011
Gary Neville,36,2010-2011
Oliver Gill,20,2010-2011
Patrice Evra,30,2010-2011
Rio Ferdinand,32,2010-2011
Wes Brown,31,2010-2011
Chris Smalling,21,2010-2011
Nemanja Vidic,29,2010-2011
Fábio,20,2010-2011
Rafael,20,2010-2011
John OShea,30,2010-2011
Jonny Evans,23,2010-2011
Ritchie De Laet,22,2010-2011
Joe Dudgeon,20,2010-2011
Ryan Tunnicliffe,18,2010-2011
Owen Hargreaves,30,2010-2011
Anderson,23,2010-2011
Ryan Giggs,37,2010-2011
Park Ji-sung,30,2010-2011
Michael Carrick,29,2010-2011
Paul Scholes,36,2010-2011
Darren Fletcher,27,2010-2011
Antonio Valencia,25,2010-2011
Darron Gibson,23,2010-2011
Corry Evans,20,2010-2011
Robbie Brady,19,2010-2011
Magnus Eikrem,20,2010-2011
Ravel Morrison,18,2010-2011
Oliver Norwood,20,2010-2011
Michael Owen,31,2010-2011
Dimitar Berbatov,30,2010-2011
Wayne Rooney,25,2010-2011
Javier Hernández,23,2010-2011
Nani,24,2010-2011
Gabriel Obertan,22,2010-2011
Federico Macheda,19,2010-2011
Bebé,20,2010-2011
Joshua King,19,2010-2011
Joel Glazer,40,2010-2011
David de Gea,21,2011-2012
Tomasz Kuszczak,30,2011-2012
Anders Lindegaard,28,2011-2012
Ben Amos,22,2011-2012
Patrice Evra,31,2011-2012
Phil Jones,20,2011-2012
Rio Ferdinand,33,2011-2012
Jonny Evans,24,2011-2012
Chris Smalling,22,2011-2012
Nemanja Vidic,30,2011-2012
Fábio,21,2011-2012
Rafael,21,2011-2012
Ritchie De Laet,23,2011-2012
Reece Brown,20,2011-2012
Marnick Vermijl,20,2011-2012
Michael Keane,19,2011-2012
Tom Thorpe,19,2011-2012
Zeki Fryers,19,2011-2012
Anderson,24,2011-2012
Ryan Giggs,38,2011-2012
Park Ji-sung,31,2011-2012
Michael Carrick,30,2011-2012
Ashley Young,26,2011-2012
Paul Scholes,37,2011-2012
Tom Cleverley,22,2011-2012
Darren Fletcher,28,2011-2012
Antonio Valencia,26,2011-2012
Darron Gibson,24,2011-2012
Paul Pogba,19,2011-2012
Davide Petrucci,20,2011-2012
Ravel Morrison,19,2011-2012
Larnell Cole,19,2011-2012
Jesse Lingard,19,2011-2012
Oliver Norwood,21,2011-2012
Michael Owen,32,2011-2012
Dimitar Berbatov,31,2011-2012
Wayne Rooney,26,2011-2012
Javier Hernández,24,2011-2012
Nani,25,2011-2012
Danny Welbeck,21,2011-2012
Federico Macheda,20,2011-2012
Mame Biram Diouf,24,2011-2012
Will Keane,19,2011-2012
David de Gea,22,2012-2013
Anders Lindegaard,29,2012-2013
Ben Amos,23,2012-2013
Sam Johnstone,20,2012-2013
Scott Wootton,21,2012-2013
Michael Keane,20,2012-2013
Rafael,22,2012-2013
Marnick Vermijl,21,2012-2013
Phil Jones,21,2012-2013
Rio Ferdinand,34,2012-2013
Jonny Evans,25,2012-2013
Chris Smalling,23,2012-2013
Nemanja Vidic,31,2012-2013
Patrice Evra,32,2012-2013
Alexander Büttner,24,2012-2013
Nick Powell,19,2012-2013
Larnell Cole,20,2012-2013
Jesse Lingard,20,2012-2013
Robbie Brady,21,2012-2013
Ryan Tunnicliffe,20,2012-2013
Michael Carrick,31,2012-2013
Darren Fletcher,29,2012-2013
Shinji Kagawa,24,2012-2013
Antonio Valencia,27,2012-2013
Ashley Young,27,2012-2013
Tom Cleverley,23,2012-2013
Paul Scholes,38,2012-2013
Anderson,25,2012-2013
Ryan Giggs,39,2012-2013
Javier Hernández,25,2012-2013
Danny Welbeck,22,2012-2013
Ángelo Henríquez,19,2012-2013
Federico Macheda,21,2012-2013
Joshua King,21,2012-2013
Adnan Januzaj,18,2012-2013
Nani,26,2012-2013
Dimitar Berbatov,32,2012-2013
Wayne Rooney,27,2012-2013
Robin van Persie,29,2012-2013
David de Gea,23,2013-2014
Anders Lindegaard,30,2013-2014
Ben Amos,24,2013-2014
Sam Johnstone,21,2013-2014
Rafael,23,2013-2014
Rio Ferdinand,35,2013-2014
Michael Keane,21,2013-2014
Phil Jones,22,2013-2014
Jonny Evans,26,2013-2014
Chris Smalling,24,2013-2014
Nemanja Vidic,32,2013-2014
Patrice Evra,33,2013-2014
Fábio,23,2013-2014
Alexander Büttner,25,2013-2014
Darren Fletcher,30,2013-2014
Marouane Fellaini,26,2013-2014
Antonio Valencia,28,2013-2014
Wilfried Zaha,21,2013-2014
Anderson,26,2013-2014
Juan Mata,26,2013-2014
Shinji Kagawa,25,2013-2014
Jesse Lingard,21,2013-2014
Michael Carrick,32,2013-2014
Tom Cleverley,24,2013-2014
Ryan Giggs,40,2013-2014
Ashley Young,28,2013-2014
Ángelo Henríquez,20,2013-2014
Tom Lawrence,20,2013-2014
Adnan Januzaj,19,2013-2014
Nani,27,2013-2014
Wayne Rooney,28,2013-2014
Javier Hernández,26,2013-2014
Danny Welbeck,23,2013-2014
Robin van Persie,30,2013-2014
James Wilson,18,2013-2014
Will Keane,21,2013-2014
Ryan Giggs,40,2013-2014
David de Gea,24,2014-2015
Anders Lindegaard,31,2014-2015
Víctor Valdés,33,2014-2015
Ben Amos,25,2014-2015
Sam Johnstone,22,2014-2015
Marnick Vermijl,23,2014-2015
Rafael,24,2014-2015
Phil Jones,23,2014-2015
Marcos Rojo,25,2014-2015
Jonny Evans,27,2014-2015
Chris Smalling,25,2014-2015
Paddy McNair,20,2014-2015
Michael Keane,22,2014-2015
Tom Thorpe,22,2014-2015
Luke Shaw,19,2014-2015
Reece James,21,2014-2015
Tyler Blackett,21,2014-2015
Michael Carrick,33,2014-2015
Daley Blind,25,2014-2015
Antonio Valencia,29,2014-2015
Juan Mata,27,2014-2015
Ander Herrera,25,2014-2015
Nick Powell,21,2014-2015
Shinji Kagawa,26,2014-2015
Anderson,27,2014-2015
Tom Cleverley,25,2014-2015
Darren Fletcher,31,2014-2015
Marouane Fellaini,27,2014-2015
Saidy Janko,19,2014-2015
Andreas Pereira,19,2014-2015
Ángel Di María,27,2014-2015
Ashley Young,29,2014-2015
Jesse Lingard,22,2014-2015
Adnan Januzaj,20,2014-2015
Nani,28,2014-2015
Wilfried Zaha,22,2014-2015
Radamel Falcao,29,2014-2015
Wayne Rooney,29,2014-2015
Javier Hernández,27,2014-2015
Danny Welbeck,24,2014-2015
Robin van Persie,31,2014-2015
Will Keane,22,2014-2015
James Wilson,19,2014-2015
David de Gea,25,2015-2016
Anders Lindegaard,32,2015-2016
Sergio Romero,29,2015-2016
Víctor Valdés,34,2015-2016
Dean Henderson,19,2015-2016
Joel Pereira,20,2015-2016
Sam Johnstone,23,2015-2016
Ro-Shaun Williams,17,2015-2016
Phil Jones,24,2015-2016
Donald Love,21,2015-2016
Regan Poole,18,2015-2016
Reece James,22,2015-2016
Joe Riley,19,2015-2016
Guillermo Varela,23,2015-2016
Matteo Darmian,26,2015-2016
Jonny Evans,28,2015-2016
Chris Smalling,26,2015-2016
Paddy McNair,21,2015-2016
Axel Tuanzebe,18,2015-2016
Fosu-Mensah,18,2015-2016
Marcos Rojo,26,2015-2016
Daley Blind,26,2015-2016
Luke Shaw,20,2015-2016
Tyler Blackett,22,2015-2016
Cameron Borthwick-Jackson,19,2015-2016
Michael Carrick,34,2015-2016
Morgan Schneiderlin,26,2015-2016
Antonio Valencia,30,2015-2016
Juan Mata,28,2015-2016
Nick Powell,22,2015-2016
Ander Herrera,26,2015-2016
Marouane Fellaini,28,2015-2016
Bastian Schweinsteiger,31,2015-2016
Andreas Pereira,20,2015-2016
Sean Goss,20,2015-2016
Joe Rothwell,21,2015-2016
James Weir,20,2015-2016
Javier Hernández,28,2015-2016
James Wilson,20,2015-2016
Adnan Januzaj,21,2015-2016
Wayne Rooney,30,2015-2016
Marcus Rashford,18,2015-2016
Will Keane,23,2015-2016
Memphis Depay,22,2015-2016
Anthony Martial,20,2015-2016
Ashley Young,30,2015-2016
Jesse Lingard,23,2015-2016
Dean Henderson,20,2016-2017
David de Gea,26,2016-2017
Sergio Romero,30,2016-2017
Sam Johnstone,24,2016-2017
Joel Pereira,21,2016-2017
Kieran O´Hara,21,2016-2017
Guillermo Varela,24,2016-2017
Paddy McNair,22,2016-2017
Antonio Valencia,31,2016-2017
Matteo Darmian,27,2016-2017
Eric Bailly,23,2016-2017
Phil Jones,25,2016-2017
Chris Smalling,27,2016-2017
Fosu-Mensah,19,2016-2017
Axel Tuanzebe,19,2016-2017
Tyler Blackett,23,2016-2017
Marcos Rojo,27,2016-2017
Daley Blind,27,2016-2017
Luke Shaw,21,2016-2017
Demetri Mitchell,20,2016-2017
Michael Carrick,35,2016-2017
Morgan Schneiderlin,27,2016-2017
Juan Mata,29,2016-2017
Henrikh Mkhitaryan,28,2016-2017
Angel Gomes,16,2016-2017
Paul Pogba,24,2016-2017
Ander Herrera,27,2016-2017
Marouane Fellaini,29,2016-2017
Bastian Schweinsteiger,32,2016-2017
Scott McTominay,20,2016-2017
Matty Willock,20,2016-2017
James Wilson,21,2016-2017
Ashley Young,31,2016-2017
Josh Harrop,21,2016-2017
Zak Dearnley,18,2016-2017
Zlatan Ibrahimovic,35,2016-2017
Wayne Rooney,31,2016-2017
Marcus Rashford,19,2016-2017
Memphis Depay,23,2016-2017
Anthony Martial,21,2016-2017
Jesse Lingard,24,2016-2017
David de Gea,27,2017-2018
Sergio Romero,31,2017-2018
Joel Pereira,22,2017-2018
Fosu-Mensah,20,2017-2018
Antonio Valencia,32,2017-2018
Matteo Darmian,28,2017-2018
Victor Lindelof,23,2017-2018
Eric Bailly,24,2017-2018
Phil Jones,26,2017-2018
Marcos Rojo,28,2017-2018
Chris Smalling,28,2017-2018
Axel Tuanzebe,20,2017-2018
Daley Blind,28,2017-2018
Ashley Young,32,2017-2018
Luke Shaw,22,2017-2018
Demetri Mitchell,21,2017-2018
Angel Gomes,17,2017-2018
Ethan Hamilton,19,2017-2018
Michael Carrick,36,2017-2018
Marouane Fellaini,30,2017-2018
Nemanja Matic,29,2017-2018
Juan Mata,30,2017-2018
Andreas Pereira,22,2017-2018
Henrikh Mkhitaryan,29,2017-2018
Paul Pogba,25,2017-2018
Ander Herrera,28,2017-2018
Scott McTominay,21,2017-2018
James Wilson,22,2017-2018
Anthony Martial,22,2017-2018
Jesse Lingard,25,2017-2018
Marcus Rashford,20,2017-2018
Romelu Lukaku,25,2017-2018
Zlatan Ibrahimovic,36,2017-2018
Alexis Sánchez,29,2017-2018
David de Gea,28,2018-2019
Lee Grant,36,2018-2019
Sergio Romero,32,2018-2019
Joel Pereira,23,2018-2019
Fosu-Mensah,21,2018-2019
Ro-Shaun Williams,20,2018-2019
Ashley Young,33,2018-2019
Diogo Dalot,20,2018-2019
Antonio Valencia,33,2018-2019
Matteo Darmian,29,2018-2019
Victor Lindelof,24,2018-2019
Eric Bailly,25,2018-2019
Phil Jones,27,2018-2019
Chris Smalling,29,2018-2019
Marcos Rojo,29,2018-2019
Luke Shaw,23,2018-2019
Demetri Mitchell,22,2018-2019
Ethan Hamilton,20,2018-2019
Marouane Fellaini,31,2018-2019
Nemanja Matic,30,2018-2019
James Garner,18,2018-2019
Scott McTominay,22,2018-2019
Angel Gomes,18,2018-2019
Paul Pogba,26,2018-2019
Andreas Pereira,23,2018-2019
Fred,26,2018-2019
Ander Herrera,29,2018-2019
Juan Mata,31,2018-2019
Jesse Lingard,26,2018-2019
Tahith Chong,19,2018-2019
Romelu Lukaku,26,2018-2019
Marcus Rashford,21,2018-2019
Joshua Bohui,20,2018-2019
Mason Greenwood,17,2018-2019
Alexis Sánchez,30,2018-2019
Anthony Martial,23,2018-2019
David de Gea,29,2019-2020
Lee Grant,37,2019-2020
Sergio Romero,33,2019-2020
Matej Kovár,20,2019-2020
Max Taylor,20,2019-2020
Teden Mengi,18,2019-2020
Diogo Dalot,21,2019-2020
Fosu-Mensah,22,2019-2020
Aaron Wan-Bissaka,22,2019-2020
Matteo Darmian,30,2019-2020
Ethan Laird,18,2019-2020
Victor Lindelof,26,2019-2020
Eric Bailly,26,2019-2020
Phil Jones,28,2019-2020
Harry Maguire,27,2019-2020
Chris Smalling,30,2019-2020
Marcos Rojo,30,2019-2020
Axel Tuanzebe,22,2019-2020
Di´Shon Bernard,19,2019-2020
Ashley Young,35,2019-2020
Luke Shaw,25,2019-2020
Brandon Williams,19,2019-2020
Fred,27,2019-2020
Nemanja Matic,31,2019-2020
James Garner,19,2019-2020
Scott McTominay,23,2019-2020
Dylan Levitt,19,2019-2020
Andreas Pereira,24,2019-2020
Bruno Fernandes,25,2019-2020
Paul Pogba,27,2019-2020
Arnau Puigmal,19,2019-2020
Ethan Galbraith,19,2019-2020
Juan Mata,32,2019-2020
Daniel James,22,2019-2020
Mason Greenwood,18,2019-2020
Tahith Chong,20,2019-2020
Odion Ighalo,31,2019-2020
D´Mani Mellor,19,2019-2020
Jesse Lingard,27,2019-2020
Angel Gomes,19,2019-2020
Largie Ramazani,19,2019-2020
Anthony Martial,24,2019-2020
Marcus Rashford,22,2019-2020
Gomes,30,2010-2011
Carlo Cudicini,37,2010-2011
Ben Alnwick,24,2010-2011
David Button,22,2010-2011
Stipe Pletikosa,32,2010-2011
Alan Hutton,26,2010-2011
Younès Kaboul,25,2010-2011
William Gallas,33,2010-2011
Kyle Naughton,22,2010-2011
Sébastien Bassong,24,2010-2011
Michael Dawson,27,2010-2011
Vedran Corluka,25,2010-2011
Ledley King,30,2010-2011
Kyle Walker,21,2010-2011
Benoît Assou-Ekotto,27,2010-2011
Bongani Khumalo,24,2010-2011
Jonathan Woodgate,31,2010-2011
Adam Smith,20,2010-2011
Calum Butcher,20,2010-2011
Steven Caulker,19,2010-2011
Gareth Bale,21,2010-2011
David Bentley,26,2010-2011
Tom Huddlestone,24,2010-2011
Aaron Lennon,24,2010-2011
Jermaine Jenas,28,2010-2011
Rafael van der Vaart,28,2010-2011
Wilson Palacios,26,2010-2011
Luka Modric,25,2010-2011
Giovani dos Santos,22,2010-2011
Niko Kranjcar,26,2010-2011
Jamie OHara,24,2010-2011
Danny Rose,20,2010-2011
Jake Livermore,21,2010-2011
Sandro Raniere,22,2010-2011
Ryan Mason,20,2010-2011
Steven Pienaar,29,2010-2011
John Bostock,19,2010-2011
Roman Pavlyuchenko,29,2010-2011
Robbie Keane,30,2010-2011
Peter Crouch,30,2010-2011
Jermain Defoe,28,2010-2011
Andros Townsend,19,2010-2011
Jonathan Obika,20,2010-2011
Gomes,31,2011-2012
Carlo Cudicini,38,2011-2012
Ledley King,31,2011-2012
Younès Kaboul,26,2011-2012
William Gallas,34,2011-2012
Sébastien Bassong,25,2011-2012
Michael Dawson,28,2011-2012
Vedran Corluka,26,2011-2012
Kyle Walker,22,2011-2012
Benoît Assou-Ekotto,28,2011-2012
Ryan Nelsen,34,2011-2012
Bongani Khumalo,25,2011-2012
Adam Smith,21,2011-2012
Kevin Stewart,18,2011-2012
Ryan Fredericks,19,2011-2012
Gareth Bale,22,2011-2012
Tom Huddlestone,25,2011-2012
Aaron Lennon,25,2011-2012
Scott Parker,31,2011-2012
Jermaine Jenas,29,2011-2012
Rafael van der Vaart,29,2011-2012
Luka Modric,26,2011-2012
Giovani dos Santos,23,2011-2012
Niko Kranjcar,27,2011-2012
Danny Rose,21,2011-2012
Iago Falqué,22,2011-2012
Jake Livermore,22,2011-2012
Sandro Raniere,23,2011-2012
David Bentley,27,2011-2012
Steven Pienaar,30,2011-2012
John Bostock,20,2011-2012
Simon Dawkins,24,2011-2012
Cristian Ceballos,19,2011-2012
Tom Carroll,20,2011-2012
Jake Nicholson,19,2011-2012
Alex Pritchard,19,2011-2012
Dean Parrett,20,2011-2012
Jack Barthram,18,2011-2012
Massimo Luongo,19,2011-2012
Roman Pavlyuchenko,30,2011-2012
Emmanuel Adebayor,28,2011-2012
Louis Saha,33,2011-2012
Peter Crouch,31,2011-2012
Jermain Defoe,29,2011-2012
Andros Townsend,20,2011-2012
Harry Kane,18,2011-2012
Cameron Lancaster,19,2011-2012
Jordan Archer,20,2012-2013
Gomes,32,2012-2013
Carlo Cudicini,39,2012-2013
Hugo Lloris,26,2012-2013
Benoît Assou-Ekotto,29,2012-2013
Adam Smith,22,2012-2013
Troost-Ekong,19,2012-2013
Jack Barthram,19,2012-2013
Kyle Naughton,24,2012-2013
Kyle Walker,23,2012-2013
Younès Kaboul,27,2012-2013
Jan Vertonghen,26,2012-2013
William Gallas,35,2012-2013
Michael Dawson,29,2012-2013
Steven Caulker,21,2012-2013
Kevin Stewart,19,2012-2013
Iago Falqué,23,2012-2013
Ryan Mason,22,2012-2013
Cristian Ceballos,20,2012-2013
Tom Carroll,21,2012-2013
Dean Parrett,21,2012-2013
Gareth Bale,23,2012-2013
Tom Huddlestone,26,2012-2013
Sandro Raniere,24,2012-2013
Aaron Lennon,26,2012-2013
David Bentley,28,2012-2013
Rafael van der Vaart,30,2012-2013
Mousa Dembélé,25,2012-2013
Gylfi Sigurdsson,23,2012-2013
Scott Parker,32,2012-2013
Jermaine Jenas,30,2012-2013
Lewis Holtby,22,2012-2013
Jake Livermore,23,2012-2013
Shaquile Coulthirst,18,2012-2013
Harry Kane,19,2012-2013
Jonathan Obika,22,2012-2013
Andros Townsend,21,2012-2013
Clint Dempsey,30,2012-2013
Emmanuel Adebayor,29,2012-2013
Jermain Defoe,30,2012-2013
André Villas-Boas,35,2012-2013
Gomes,33,2013-2014
Hugo Lloris,27,2013-2014
Jordan Archer,21,2013-2014
Connor Ogilvie,18,2013-2014
Kyle Walker,24,2013-2014
Danny Rose,23,2013-2014
Kyle Naughton,25,2013-2014
Michael Dawson,30,2013-2014
Kevin Stewart,20,2013-2014
Adam Smith,23,2013-2014
Ryan Fredericks,21,2013-2014
Younès Kaboul,28,2013-2014
Jan Vertonghen,27,2013-2014
Vlad Chiriches,24,2013-2014
Steven Caulker,22,2013-2014
Milos Veljkovic,18,2013-2014
Dominic Ball,18,2013-2014
Benoît Assou-Ekotto,30,2013-2014
Zeki Fryers,21,2013-2014
Alex Pritchard,21,2013-2014
Gylfi Sigurdsson,24,2013-2014
Harry Winks,18,2013-2014
Étienne Capoue,25,2013-2014
Sandro Raniere,25,2013-2014
Aaron Lennon,27,2013-2014
Kenny McEvoy,19,2013-2014
Grant Ward,19,2013-2014
Erik Lamela,22,2013-2014
Lewis Holtby,23,2013-2014
Christian Eriksen,22,2013-2014
Tom Carroll,22,2013-2014
Laste Dombaxe,19,2013-2014
Scott Parker,33,2013-2014
Tom Huddlestone,27,2013-2014
Paulinho,25,2013-2014
Mousa Dembélé,26,2013-2014
Jake Livermore,24,2013-2014
Nabil Bentaleb,19,2013-2014
Nacer Chadli,24,2013-2014
Joshua Onomah,17,2013-2014
Andros Townsend,22,2013-2014
Roberto Soldado,29,2013-2014
Emmanuel Adebayor,30,2013-2014
Jermain Defoe,31,2013-2014
Harry Kane,20,2013-2014
Shaquile Coulthirst,19,2013-2014
Cristian Ceballos,21,2013-2014
Jonathan Obika,23,2013-2014
André Villas-Boas,36,2013-2014
Hugo Lloris,28,2014-2015
Michel Vorm,31,2014-2015
Luke McGee,19,2014-2015
Danny Rose,24,2014-2015
Younès Kaboul,29,2014-2015
Jan Vertonghen,28,2014-2015
Kyle Naughton,26,2014-2015
Michael Dawson,31,2014-2015
Kyle Walker,25,2014-2015
DeAndre Yedlin,21,2014-2015
Ryan Fredericks,22,2014-2015
Vlad Chiriches,25,2014-2015
Federico Fazio,28,2014-2015
Milos Veljkovic,19,2014-2015
Dominic Ball,19,2014-2015
Ben Davies,22,2014-2015
Aaron Lennon,28,2014-2015
Paulinho,26,2014-2015
Lewis Holtby,24,2014-2015
Mousa Dembélé,27,2014-2015
Christian Eriksen,23,2014-2015
Sandro Raniere,26,2014-2015
Nabil Bentaleb,20,2014-2015
Harry Winks,19,2014-2015
Eric Dier,21,2014-2015
Benjamin Stambouli,24,2014-2015
Étienne Capoue,26,2014-2015
Erik Lamela,23,2014-2015
Joshua Onomah,18,2014-2015
Ryan Mason,24,2014-2015
Nacer Chadli,25,2014-2015
Roberto Soldado,30,2014-2015
Andros Townsend,23,2014-2015
Emmanuel Adebayor,31,2014-2015
Harry Kane,21,2014-2015
Cristian Ceballos,22,2014-2015
Hugo Lloris,29,2015-2016
Michel Vorm,32,2015-2016
Luke McGee,20,2015-2016
Federico Fazio,29,2015-2016
Carter-Vickers,18,2015-2016
Kyle Walker-Peters,19,2015-2016
Kyle Walker,26,2015-2016
Kieran Trippier,25,2015-2016
Toby Alderweireld,27,2015-2016
Jan Vertonghen,29,2015-2016
Kevin Wimmer,23,2015-2016
Danny Rose,25,2015-2016
Ben Davies,23,2015-2016
Alex Pritchard,23,2015-2016
Harry Winks,20,2015-2016
Eric Dier,22,2015-2016
Christian Eriksen,24,2015-2016
Joshua Onomah,19,2015-2016
Nabil Bentaleb,21,2015-2016
Ryan Mason,25,2015-2016
Mousa Dembélé,28,2015-2016
Dele Alli,20,2015-2016
Tom Carroll,24,2015-2016
Erik Lamela,24,2015-2016
Andros Townsend,24,2015-2016
Harry Kane,22,2015-2016
Clinton Njie,22,2015-2016
Son Heung-min,23,2015-2016
Nacer Chadli,26,2015-2016
Hugo Lloris,30,2016-2017
Michel Vorm,33,2016-2017
Pau López,22,2016-2017
Luke McGee,21,2016-2017
Tom Glover,19,2016-2017
Alfie Whiteman,18,2016-2017
Dominic Ball,21,2016-2017
Anton Walkes,20,2016-2017
Kyle Walker,27,2016-2017
Kieran Trippier,26,2016-2017
Kyle Walker-Peters,20,2016-2017
Toby Alderweireld,28,2016-2017
Jan Vertonghen,30,2016-2017
Kevin Wimmer,24,2016-2017
Carter-Vickers,19,2016-2017
Danny Rose,26,2016-2017
Ben Davies,24,2016-2017
Shayon Harrison,19,2016-2017
Luke Amos,20,2016-2017
Marcus Edwards,18,2016-2017
Filip Lesniak,21,2016-2017
Victor Wanyama,26,2016-2017
Eric Dier,23,2016-2017
Mousa Dembélé,29,2016-2017
DeAndre Yedlin,23,2016-2017
Dele Alli,21,2016-2017
Christian Eriksen,25,2016-2017
Joshua Onomah,20,2016-2017
Ryan Mason,26,2016-2017
Moussa Sissoko,27,2016-2017
Tom Carroll,25,2016-2017
Harry Winks,21,2016-2017
Samuel Shashoua,18,2016-2017
William Miller,21,2016-2017
Erik Lamela,25,2016-2017
Vincent Janssen,23,2016-2017
Harry Kane,23,2016-2017
Son Heung-min,24,2016-2017
Georges Nkoudou,22,2016-2017
Hugo Lloris,31,2017-2018
Michel Vorm,34,2017-2018
Paulo Gazzaniga,26,2017-2018
Alfie Whiteman,19,2017-2018
Brandon Austin,19,2017-2018
Jaden Brown,19,2017-2018
Jonathan Dinzeyi,18,2017-2018
Kieran Trippier,27,2017-2018
Sèrge Aurier,25,2017-2018
Kyle Walker-Peters,21,2017-2018
Toby Alderweireld,29,2017-2018
Jan Vertonghen,31,2017-2018
Davinson Sánchez,22,2017-2018
Juan Foyth,20,2017-2018
Kevin Wimmer,25,2017-2018
Carter-Vickers,20,2017-2018
Danny Rose,27,2017-2018
Ben Davies,25,2017-2018
Joshua Onomah,21,2017-2018
Luke Amos,21,2017-2018
Marcus Edwards,19,2017-2018
William Miller,22,2017-2018
Victor Wanyama,27,2017-2018
Eric Dier,24,2017-2018
Mousa Dembélé,30,2017-2018
Dele Alli,22,2017-2018
Christian Eriksen,26,2017-2018
Moussa Sissoko,28,2017-2018
Harry Winks,22,2017-2018
Tashan Oakley-Boothe,18,2017-2018
Anthony Georgiou,21,2017-2018
Kazaiah Sterling,19,2017-2018
Erik Lamela,26,2017-2018
Lucas Moura,25,2017-2018
Vincent Janssen,24,2017-2018
Harry Kane,24,2017-2018
Fernando Llorente,33,2017-2018
Son Heung-min,25,2017-2018
Georges Nkoudou,23,2017-2018
Hugo Lloris,32,2018-2019
Michel Vorm,35,2018-2019
Paulo Gazzaniga,27,2018-2019
Alfie Whiteman,20,2018-2019
Carter-Vickers,21,2018-2019
Kieran Trippier,28,2018-2019
Kyle Walker-Peters,22,2018-2019
Sèrge Aurier,26,2018-2019
Timothy Eyoma,19,2018-2019
Toby Alderweireld,30,2018-2019
Jan Vertonghen,32,2018-2019
Davinson Sánchez,23,2018-2019
Juan Foyth,21,2018-2019
Danny Rose,28,2018-2019
Ben Davies,26,2018-2019
George Marsh,20,2018-2019
Harry Winks,23,2018-2019
Victor Wanyama,28,2018-2019
Eric Dier,25,2018-2019
Moussa Sissoko,29,2018-2019
Mousa Dembélé,31,2018-2019
Luke Amos,22,2018-2019
Oliver Skipp,18,2018-2019
Dele Alli,23,2018-2019
Christian Eriksen,27,2018-2019
Anthony Georgiou,22,2018-2019
Kazaiah Sterling,20,2018-2019
Erik Lamela,27,2018-2019
Lucas Moura,26,2018-2019
Son Heung-min,26,2018-2019
Vincent Janssen,25,2018-2019
Harry Kane,25,2018-2019
Fernando Llorente,34,2018-2019
Georges Nkoudou,24,2018-2019
Michel Vorm,36,2019-2020
Hugo Lloris,33,2019-2020
Paulo Gazzaniga,28,2019-2020
Alfie Whiteman,21,2019-2020
Brandon Austin,21,2019-2020
Jonathan de Bie,20,2019-2020
Brooklyn Lyons-Foster,19,2019-2020
Kyle Walker-Peters,23,2019-2020
Sèrge Aurier,27,2019-2020
Japhet Tanganga,21,2019-2020
Toby Alderweireld,31,2019-2020
Jan Vertonghen,33,2019-2020
Davinson Sánchez,24,2019-2020
Eric Dier,26,2019-2020
Juan Foyth,22,2019-2020
Malachi Walcott,18,2019-2020
Danny Rose,30,2019-2020
Ryan Sessègnon,20,2019-2020
Ben Davies,27,2019-2020
George Marsh,21,2019-2020
Jamie Bowden,19,2019-2020
Jack Roles,21,2019-2020
Harvey White,18,2019-2020
Dennis Cirkin,18,2019-2020
Harry Winks,24,2019-2020
Victor Wanyama,29,2019-2020
Moussa Sissoko,30,2019-2020
Oliver Skipp,19,2019-2020
Giovani Lo Celso,24,2019-2020
Dele Alli,24,2019-2020
Christian Eriksen,28,2019-2020
Tanguy Ndombélé,23,2019-2020
Gedson Fernandes,21,2019-2020
Anthony Georgiou,23,2019-2020
Erik Lamela,28,2019-2020
Lucas Moura,27,2019-2020
Harry Kane,27,2019-2020
Troy Parrott,18,2019-2020
Georges Nkoudou,25,2019-2020
Steven Bergwijn,22,2019-2020
Son Heung-min,28,2019-2020
Diego Cavalieri,28,2010-2011
Brad Jones,29,2010-2011
Pepe Reina,28,2010-2011
Martin Hansen,21,2010-2011
Peter Gulacsi,21,2010-2011
Glen Johnson,26,2010-2011
Paul Konchesky,30,2010-2011
Daniel Agger,26,2010-2011
Fábio Aurélio,31,2010-2011
Sotirios Kyrgiakos,31,2010-2011
Danny Wilson,19,2010-2011
Jamie Carragher,33,2010-2011
Martin Kelly,21,2010-2011
Conor Coady,18,2010-2011
Martin Skrtel,26,2010-2011
Jon Flanagan,18,2010-2011
Daniel Ayala,20,2010-2011
Andre Wisdom,18,2010-2011
Stephen Darby,22,2010-2011
Jack Robinson,17,2010-2011
Alberto Aquilani,26,2010-2011
Raul Meireles,28,2010-2011
Steven Gerrard,31,2010-2011
Joe Cole,29,2010-2011
Maxi Rodríguez,30,2010-2011
Javier Mascherano,27,2010-2011
Lucas Leiva,24,2010-2011
Jay Spearing,22,2010-2011
Christian Poulsen,31,2010-2011
Jonjo Shelvey,19,2010-2011
Tom Ince,19,2010-2011
Luis Suárez,24,2010-2011
Andy Carroll,22,2010-2011
Fernando Torres,27,2010-2011
Dani Pacheco,20,2010-2011
Milan Jovanovic,30,2010-2011
Dirk Kuyt,30,2010-2011
Ryan Babel,24,2010-2011
David NGog,22,2010-2011
Lauri Dalla Valle,19,2010-2011
Nathan Eccleston,20,2010-2011
David Amoo,20,2010-2011
Brad Jones,30,2011-2012
Pepe Reina,29,2011-2012
Doni,32,2011-2012
Peter Gulacsi,22,2011-2012
Glen Johnson,27,2011-2012
José Enrique,26,2011-2012
Daniel Agger,27,2011-2012
Fábio Aurélio,32,2011-2012
Sebastián Coates,21,2011-2012
Danny Wilson,20,2011-2012
Jamie Carragher,34,2011-2012
Martin Kelly,22,2011-2012
Martin Skrtel,27,2011-2012
Jon Flanagan,19,2011-2012
Jack Robinson,18,2011-2012
Raul Meireles,29,2011-2012
Steven Gerrard,32,2011-2012
Maxi Rodríguez,31,2011-2012
Jordan Henderson,22,2011-2012
Stewart Downing,27,2011-2012
Jay Spearing,23,2011-2012
Lucas Leiva,25,2011-2012
Charlie Adam,26,2011-2012
Raheem Sterling,17,2011-2012
Jonjo Shelvey,20,2011-2012
Luis Suárez,25,2011-2012
Andy Carroll,23,2011-2012
Dirk Kuyt,31,2011-2012
David NGog,23,2011-2012
Nathan Eccleston,21,2011-2012
Craig Bellamy,32,2011-2012
Brad Jones,31,2012-2013
Pepe Reina,30,2012-2013
Peter Gulacsi,23,2012-2013
Danny Ward,20,2012-2013
Jamie Carragher,35,2012-2013
Danny Wilson,21,2012-2013
Jon Flanagan,20,2012-2013
Glen Johnson,28,2012-2013
Martin Kelly,23,2012-2013
Ryan McLaughlin,18,2012-2013
Andre Wisdom,20,2012-2013
Daniel Agger,28,2012-2013
Sebastián Coates,22,2012-2013
Martin Skrtel,28,2012-2013
Stephen Sama,20,2012-2013
Lloyd Jones,17,2012-2013
José Enrique,27,2012-2013
Jack Robinson,19,2012-2013
Jay Spearing,24,2012-2013
Joe Allen,23,2012-2013
Charlie Adam,27,2012-2013
Jonjo Shelvey,21,2012-2013
Conor Coady,20,2012-2013
Brad Smith,19,2012-2013
Lucas Leiva,26,2012-2013
Philippe Coutinho,21,2012-2013
Jordan Henderson,23,2012-2013
Nuri Sahin,24,2012-2013
Steven Gerrard,33,2012-2013
Alberto Aquilani,28,2012-2013
Joe Cole,31,2012-2013
Stewart Downing,28,2012-2013
Suso,19,2012-2013
Luis Suárez,26,2012-2013
Oussama Assaidi,24,2012-2013
Dani Pacheco,22,2012-2013
Fabio Borini,22,2012-2013
Raheem Sterling,18,2012-2013
Jordon Ibe,17,2012-2013
Jerome Sinclair,16,2012-2013
Krisztián Adorján,20,2012-2013
Andy Carroll,24,2012-2013
Nathan Eccleston,22,2012-2013
Samed Yesil,19,2012-2013
Adam Morgan,19,2012-2013
Daniel Sturridge,23,2012-2013
Brendan Rodgers,40,2012-2013
Brad Jones,32,2013-2014
Simon Mignolet,26,2013-2014
Danny Ward,21,2013-2014
Daniel Agger,29,2013-2014
Martin Kelly,24,2013-2014
Martin Skrtel,29,2013-2014
Ryan McLaughlin,19,2013-2014
Stephen Sama,21,2013-2014
Glen Johnson,29,2013-2014
Jon Flanagan,21,2013-2014
Andre Wisdom,21,2013-2014
Kolo Touré,33,2013-2014
Mamadou Sakho,24,2013-2014
Tiago Ilori,21,2013-2014
Lloyd Jones,18,2013-2014
José Enrique,28,2013-2014
Aly Cissokho,26,2013-2014
Brad Smith,20,2013-2014
Jack Robinson,20,2013-2014
Oussama Assaidi,25,2013-2014
Lucas Leiva,27,2013-2014
Joe Allen,24,2013-2014
Jordan Rossiter,17,2013-2014
Cameron Brannagan,18,2013-2014
Philippe Coutinho,22,2013-2014
Steven Gerrard,34,2013-2014
Jordan Henderson,24,2013-2014
João Carlos Teixeira,21,2013-2014
Luis Alberto,21,2013-2014
Victor Moses,23,2013-2014
Raheem Sterling,19,2013-2014
Luis Suárez,27,2013-2014
Iago Aspas,26,2013-2014
Daniel Sturridge,24,2013-2014
Fabio Borini,23,2013-2014
Jerome Sinclair,17,2013-2014
Jordon Ibe,18,2013-2014
Brad Jones,33,2014-2015
Simon Mignolet,27,2014-2015
Danny Ward,22,2014-2015
Glen Johnson,30,2014-2015
Javier Manquillo,21,2014-2015
Martin Kelly,25,2014-2015
Jon Flanagan,22,2014-2015
Kevin Stewart,21,2014-2015
Kolo Touré,34,2014-2015
Daniel Agger,30,2014-2015
Dejan Lovren,25,2014-2015
Mamadou Sakho,25,2014-2015
Martin Skrtel,30,2014-2015
MJ Williams,19,2014-2015
Lloyd Jones,19,2014-2015
José Enrique,29,2014-2015
Alberto Moreno,22,2014-2015
Brad Smith,21,2014-2015
Jack Robinson,21,2014-2015
Adam Phillips,17,2014-2015
Jordan Rossiter,18,2014-2015
Lucas Leiva,28,2014-2015
Emre Can,21,2014-2015
Suso,21,2014-2015
Lazar Markovic,21,2014-2015
Philippe Coutinho,23,2014-2015
Cameron Brannagan,19,2014-2015
Steven Gerrard,35,2014-2015
Jordan Henderson,25,2014-2015
Joe Allen,25,2014-2015
Sheyi Ojo,18,2014-2015
Adam Lallana,27,2014-2015
Kristoffer Peterson,20,2014-2015
Raheem Sterling,20,2014-2015
Jordon Ibe,19,2014-2015
Krisztián Adorján,22,2014-2015
Rickie Lambert,33,2014-2015
Daniel Sturridge,25,2014-2015
Fabio Borini,24,2014-2015
Samed Yesil,21,2014-2015
Mario Balotelli,24,2014-2015
Jerome Sinclair,18,2014-2015
Simon Mignolet,28,2015-2016
Adam Bogdan,28,2015-2016
Ryan Fulton,20,2015-2016
Danny Ward,23,2015-2016
Alexander-Arnold,17,2015-2016
Kolo Touré,35,2015-2016
Jon Flanagan,23,2015-2016
Conor Masterson,17,2015-2016
Nathaniel Clyne,25,2015-2016
Connor Randall,20,2015-2016
Dejan Lovren,26,2015-2016
Joe Gómez,19,2015-2016
Mamadou Sakho,26,2015-2016
Steven Caulker,24,2015-2016
Tiago Ilori,23,2015-2016
Martin Skrtel,31,2015-2016
Dan Cleary,20,2015-2016
José Enrique,30,2015-2016
Alberto Moreno,23,2015-2016
Brad Smith,22,2015-2016
Joe Maguire,20,2015-2016
Ryan Kent,19,2015-2016
Lucas Leiva,29,2015-2016
Emre Can,22,2015-2016
Kevin Stewart,22,2015-2016
Philippe Coutinho,24,2015-2016
Adam Lallana,28,2015-2016
João Carlos Teixeira,23,2015-2016
James Milner,30,2015-2016
Jordan Henderson,26,2015-2016
Joe Allen,26,2015-2016
Cameron Brannagan,20,2015-2016
Jordan Rossiter,19,2015-2016
Pedro Chirivella,19,2015-2016
Sergi Canós,19,2015-2016
Roberto Firmino,24,2015-2016
Jordon Ibe,20,2015-2016
Sheyi Ojo,19,2015-2016
Christian Benteke,25,2015-2016
Daniel Sturridge,26,2015-2016
Divock Origi,21,2015-2016
Danny Ings,23,2015-2016
Jerome Sinclair,19,2015-2016
Alex Manninger,40,2016-2017
Loris Karius,24,2016-2017
Simon Mignolet,29,2016-2017
Adam Bogdan,29,2016-2017
Shamal George,19,2016-2017
Jon Flanagan,24,2016-2017
Brad Smith,23,2016-2017
Nathaniel Clyne,26,2016-2017
Andre Wisdom,24,2016-2017
Connor Randall,21,2016-2017
Alexander-Arnold,18,2016-2017
Dejan Lovren,27,2016-2017
Joe Gómez,20,2016-2017
Ragnar Klavan,31,2016-2017
Tiago Ilori,24,2016-2017
Joel Matip,25,2016-2017
MJ Williams,21,2016-2017
James Milner,31,2016-2017
Alberto Moreno,24,2016-2017
Cameron Brannagan,21,2016-2017
Ryan Kent,20,2016-2017
Lucas Leiva,30,2016-2017
Emre Can,23,2016-2017
Kevin Stewart,23,2016-2017
Adam Lallana,29,2016-2017
Ovie Ejaria,19,2016-2017
Gini Wijnaldum,26,2016-2017
Jordan Henderson,27,2016-2017
Marko Grujic,21,2016-2017
Herbie Kane,18,2016-2017
Paulinho,19,2016-2017
Pedro Chirivella,20,2016-2017
Philippe Coutinho,25,2016-2017
Sheyi Ojo,20,2016-2017
Sadio Mané,25,2016-2017
Harry Wilson,20,2016-2017
Roberto Firmino,25,2016-2017
Daniel Sturridge,27,2016-2017
Divock Origi,22,2016-2017
Danny Ings,24,2016-2017
Rhian Brewster,17,2016-2017
Ben Woodburn,17,2016-2017
Loris Karius,25,2017-2018
Simon Mignolet,30,2017-2018
Adam Bogdan,30,2017-2018
Danny Ward,25,2017-2018
Nathaniel Phillips,21,2017-2018
Conor Masterson,19,2017-2018
Nathaniel Clyne,27,2017-2018
Joe Gómez,21,2017-2018
Jon Flanagan,25,2017-2018
Alexander-Arnold,19,2017-2018
Virgil van Dijk,26,2017-2018
Dejan Lovren,28,2017-2018
Ragnar Klavan,32,2017-2018
Joel Matip,26,2017-2018
Alberto Moreno,25,2017-2018
Andy Robertson,24,2017-2018
Curtis Jones,17,2017-2018
Jordan Henderson,28,2017-2018
Emre Can,24,2017-2018
Gini Wijnaldum,27,2017-2018
Philippe Coutinho,26,2017-2018
Ovie Ejaria,20,2017-2018
James Milner,32,2017-2018
Marko Grujic,22,2017-2018
Oxlade-Chamberlain,24,2017-2018
Cameron Brannagan,22,2017-2018
Mohamed Salah,26,2017-2018
Adam Lallana,30,2017-2018
Lazar Markovic,24,2017-2018
Roberto Firmino,26,2017-2018
Daniel Sturridge,28,2017-2018
Divock Origi,23,2017-2018
Danny Ings,25,2017-2018
Dominic Solanke,20,2017-2018
Sadio Mané,26,2017-2018
Ben Woodburn,18,2017-2018
Loris Karius,26,2018-2019
Alisson Becker,26,2018-2019
Simon Mignolet,31,2018-2019
Caoimhin Kelleher,20,2018-2019
Kamil Grabara,20,2018-2019
George Johnston,20,2018-2019
Nathaniel Clyne,28,2018-2019
Joe Gómez,22,2018-2019
Alexander-Arnold,20,2018-2019
Virgil van Dijk,27,2018-2019
Dejan Lovren,29,2018-2019
Joel Matip,27,2018-2019
Nathaniel Phillips,22,2018-2019
Ki-Jana Hoever,17,2018-2019
Alberto Moreno,26,2018-2019
Andy Robertson,25,2018-2019
Curtis Jones,18,2018-2019
Fabinho,25,2018-2019
Jordan Henderson,29,2018-2019
Adam Lallana,31,2018-2019
Gini Wijnaldum,28,2018-2019
James Milner,33,2018-2019
Naby Keita,24,2018-2019
Oxlade-Chamberlain,25,2018-2019
Isaac Christie-Davies,21,2018-2019
Pedro Chirivella,22,2018-2019
Ben Woodburn,19,2018-2019
Rhian Brewster,19,2018-2019
Mohamed Salah,27,2018-2019
Xherdan Shaqiri,27,2018-2019
Lazar Markovic,25,2018-2019
Rafael Camacho,19,2018-2019
Roberto Firmino,27,2018-2019
Daniel Sturridge,29,2018-2019
Divock Origi,24,2018-2019
Dominic Solanke,21,2018-2019
Sadio Mané,27,2018-2019
Alisson Becker,27,2019-2020
Adrián San Miguel,33,2019-2020
Simon Mignolet,32,2019-2020
Andy Lonergan,36,2019-2020
Dan Atherton,20,2019-2020
Caoimhin Kelleher,21,2019-2020
Ben Winterbottom,19,2019-2020
Vítezslav Jaro,19,2019-2020
Nathaniel Clyne,29,2019-2020
Tony Gallacher,21,2019-2020
Tom Clayton,20,2019-2020
Morgan Boyes,19,2019-2020
James Norris,17,2019-2020
Ki-Jana Hoever,18,2019-2020
Yasser Larouci,19,2019-2020
Alexander-Arnold,21,2019-2020
Neco Williams,19,2019-2020
Virgil van Dijk,29,2019-2020
Dejan Lovren,31,2019-2020
Joe Gómez,23,2019-2020
Joel Matip,28,2019-2020
Nathaniel Phillips,23,2019-2020
van den Berg,18,2019-2020
Billy Koumetio,17,2019-2020
Andy Robertson,26,2019-2020
Adam Lewis,20,2019-2020
Isaac Christie-Davies,22,2019-2020
Jake Cain,18,2019-2020
Jack Bearne,18,2019-2020
Thomas Hill,17,2019-2020
Fabinho,26,2019-2020
James Milner,34,2019-2020
Jordan Henderson,30,2019-2020
Elijah Dixon-Bonner,19,2019-2020
Leighton Clarkson,18,2019-2020
Adam Lallana,32,2019-2020
Gini Wijnaldum,29,2019-2020
Naby Keita,25,2019-2020
Oxlade-Chamberlain,26,2019-2020
Curtis Jones,19,2019-2020
Herbie Kane,21,2019-2020
Pedro Chirivella,23,2019-2020
Luis Longstaff,19,2019-2020
Joe Hardy,21,2019-2020
Ben Woodburn,20,2019-2020
Mohamed Salah,28,2019-2020
Xherdan Shaqiri,28,2019-2020
Harry Wilson,23,2019-2020
Harvey Elliott,17,2019-2020
Roberto Firmino,28,2019-2020
Rhian Brewster,20,2019-2020
Liam Millar,20,2019-2020
Bobby Duncan,19,2019-2020
Layton Stewart,17,2019-2020
Sadio Mané,28,2019-2020
Takumi Minamino,25,2019-2020
Divock Origi,25,2019-2020
Matej Delac,18,2010-2011
Petr Cech,29,2010-2011
Ross Turnbull,26,2010-2011
Hilário,35,2010-2011
Branislav Ivanovic,27,2010-2011
Ashley Cole,30,2010-2011
David Luiz,24,2010-2011
José Bosingwa,28,2010-2011
Paulo Ferreira,32,2010-2011
John Terry,30,2010-2011
Alex,29,2010-2011
Ryan Bertrand,21,2010-2011
Patrick van Aanholt,20,2010-2011
Jeffrey Bruma,19,2010-2011
Nathaniel Chalobah,16,2010-2011
Michael Essien,28,2010-2011
Ramires,24,2010-2011
Frank Lampard,33,2010-2011
Yossi Benayoun,31,2010-2011
Obi Mikel,24,2010-2011
Florent Malouda,31,2010-2011
Yuri Zhirkov,27,2010-2011
Josh McEachran,18,2010-2011
Conor Clifford,19,2010-2011
Jacob Mellis,20,2010-2011
Jacopo Sala,19,2010-2011
Fernando Torres,27,2010-2011
Didier Drogba,33,2010-2011
Salomon Kalou,25,2010-2011
Daniel Sturridge,21,2010-2011
Nicolas Anelka,32,2010-2011
Gaël Kakuta,20,2010-2011
Fabio Borini,20,2010-2011
Petr Cech,30,2011-2012
Ross Turnbull,27,2011-2012
Hilário,36,2011-2012
Jamal Blackman,18,2011-2012
Branislav Ivanovic,28,2011-2012
Ashley Cole,31,2011-2012
David Luiz,25,2011-2012
José Bosingwa,29,2011-2012
Paulo Ferreira,33,2011-2012
Gary Cahill,26,2011-2012
John Terry,31,2011-2012
Sam Hutchinson,22,2011-2012
Alex,30,2011-2012
Ryan Bertrand,22,2011-2012
Nathaniel Chalobah,17,2011-2012
Michael Essien,29,2011-2012
Oriol Romeu,20,2011-2012
Ramires,25,2011-2012
Frank Lampard,34,2011-2012
Juan Mata,24,2011-2012
Obi Mikel,25,2011-2012
Raul Meireles,29,2011-2012
Josh McEachran,19,2011-2012
Yossi Benayoun,32,2011-2012
Lucas Piazón,18,2011-2012
Fernando Torres,28,2011-2012
Didier Drogba,34,2011-2012
Florent Malouda,32,2011-2012
Romelu Lukaku,19,2011-2012
Salomon Kalou,26,2011-2012
Daniel Sturridge,22,2011-2012
Nicolas Anelka,33,2011-2012
André Villas-Boas,34,2011-2012
Petr Cech,31,2012-2013
Ross Turnbull,28,2012-2013
Hilário,37,2012-2013
Jamal Blackman,19,2012-2013
Andreas Christensen,17,2012-2013
Nathaniel Chalobah,18,2012-2013
Todd Kane,19,2012-2013
Paulo Ferreira,34,2012-2013
César Azpilicueta,23,2012-2013
Branislav Ivanovic,29,2012-2013
David Luiz,26,2012-2013
Gary Cahill,27,2012-2013
John Terry,32,2012-2013
Nathan Aké,18,2012-2013
Ashley Cole,32,2012-2013
Ryan Bertrand,23,2012-2013
George Saville,20,2012-2013
Oriol Romeu,21,2012-2013
Ramires,26,2012-2013
Obi Mikel,26,2012-2013
Raul Meireles,30,2012-2013
Juan Mata,25,2012-2013
Oscar,21,2012-2013
Marko Marin,24,2012-2013
Yossi Benayoun,33,2012-2013
Lucas Piazón,19,2012-2013
Frank Lampard,35,2012-2013
Florent Malouda,33,2012-2013
Loftus-Cheek,17,2012-2013
Eden Hazard,22,2012-2013
Fernando Torres,29,2012-2013
Demba Ba,28,2012-2013
Victor Moses,22,2012-2013
Daniel Sturridge,23,2012-2013
Hilário,38,2013-2014
Petr Cech,32,2013-2014
Jamal Blackman,20,2013-2014
Ashley Cole,33,2013-2014
César Azpilicueta,24,2013-2014
Branislav Ivanovic,30,2013-2014
David Luiz,27,2013-2014
Gary Cahill,28,2013-2014
John Terry,33,2013-2014
Nathan Aké,19,2013-2014
Tomás Kalas,21,2013-2014
Ryan Bertrand,24,2013-2014
Obi Mikel,27,2013-2014
Michael Essien,31,2013-2014
Nemanja Matic,25,2013-2014
Nathaniel Chalobah,19,2013-2014
Mohamed Salah,22,2013-2014
Juan Mata,26,2013-2014
Oscar,22,2013-2014
Kevin De Bruyne,23,2013-2014
Willian,25,2013-2014
John Swift,19,2013-2014
Ramires,27,2013-2014
Frank Lampard,36,2013-2014
Marco van Ginkel,21,2013-2014
Lewis Baker,19,2013-2014
Eden Hazard,23,2013-2014
Romelu Lukaku,21,2013-2014
Demba Ba,29,2013-2014
Islam Feruz,18,2013-2014
Victor Moses,23,2013-2014
Fernando Torres,30,2013-2014
Samuel Etoo,33,2013-2014
Bertrand Traoré,18,2013-2014
André Schurrle,23,2013-2014
Petr Cech,33,2014-2015
Thibaut Courtois,23,2014-2015
Mitchell Beeney,19,2014-2015
Matej Delac,22,2014-2015
Jamal Blackman,21,2014-2015
Jake Clarke-Salter,17,2014-2015
Jordan Houghton,19,2014-2015
Branislav Ivanovic,31,2014-2015
César Azpilicueta,25,2014-2015
Todd Kane,21,2014-2015
Kurt Zouma,20,2014-2015
Nathan Aké,20,2014-2015
Gary Cahill,29,2014-2015
John Terry,34,2014-2015
Andreas Christensen,19,2014-2015
Ola Aina,18,2014-2015
Filipe Luís,29,2014-2015
Jay DaSilva,17,2014-2015
Charly Musonda Jr.,18,2014-2015
Charlie Colkett,18,2014-2015
Obi Mikel,28,2014-2015
Nemanja Matic,26,2014-2015
Nathaniel Chalobah,20,2014-2015
Mohamed Salah,23,2014-2015
Willian,26,2014-2015
Juan Cuadrado,27,2014-2015
Oscar,23,2014-2015
Jérémie Boga,18,2014-2015
Lewis Baker,20,2014-2015
Cesc Fàbregas,28,2014-2015
Ramires,28,2014-2015
Loftus-Cheek,19,2014-2015
John Swift,20,2014-2015
Eden Hazard,24,2014-2015
Victor Moses,24,2014-2015
Fernando Torres,31,2014-2015
Didier Drogba,37,2014-2015
Loic Rémy,28,2014-2015
Diego Costa,26,2014-2015
Patrick Bamford,21,2014-2015
Dominic Solanke,17,2014-2015
André Schurrle,24,2014-2015
Izzy Brown,18,2014-2015
Asmir Begovic,29,2015-2016
Thibaut Courtois,24,2015-2016
Jamal Blackman,22,2015-2016
Marco Amelia,34,2015-2016
Kurt Zouma,21,2015-2016
Fikayo Tomori,18,2015-2016
Branislav Ivanovic,32,2015-2016
César Azpilicueta,26,2015-2016
Ola Aina,19,2015-2016
Michael Hector,23,2015-2016
Papy Djilobodji,27,2015-2016
Matt Miazga,20,2015-2016
Gary Cahill,30,2015-2016
John Terry,35,2015-2016
Jake Clarke-Salter,18,2015-2016
Baba Rahman,21,2015-2016
Charlie Colkett,19,2015-2016
Ramires,29,2015-2016
Obi Mikel,29,2015-2016
Nemanja Matic,27,2015-2016
Nathaniel Chalobah,21,2015-2016
Danilo Pantic,19,2015-2016
Juan Cuadrado,28,2015-2016
Oscar,24,2015-2016
Cesc Fàbregas,29,2015-2016
Loftus-Cheek,20,2015-2016
Eden Hazard,25,2015-2016
Loic Rémy,29,2015-2016
Diego Costa,27,2015-2016
Dominic Solanke,18,2015-2016
Kasey Palmer,19,2015-2016
Tammy Abraham,18,2015-2016
Victor Moses,25,2015-2016
Willian,27,2015-2016
Radamel Falcao,30,2015-2016
Alexandre Pato,26,2015-2016
Bertrand Traoré,20,2015-2016
Patrick Bamford,22,2015-2016
Kenedy,20,2015-2016
Pedro Rodríguez,28,2015-2016
Asmir Begovic,30,2016-2017
Thibaut Courtois,25,2016-2017
Eduardo,34,2016-2017
Nathan Baxter,18,2016-2017
Bradley Collins,20,2016-2017
Jamal Blackman,23,2016-2017
Branislav Ivanovic,33,2016-2017
Victor Moses,26,2016-2017
César Azpilicueta,27,2016-2017
Ola Aina,20,2016-2017
Kurt Zouma,22,2016-2017
Nathan Aké,22,2016-2017
Matt Miazga,21,2016-2017
Gary Cahill,31,2016-2017
John Terry,36,2016-2017
Michael Hector,24,2016-2017
David Luiz,30,2016-2017
Fikayo Tomori,19,2016-2017
Marcos Alonso,26,2016-2017
NGolo Kanté,26,2016-2017
Nemanja Matic,28,2016-2017
Nathaniel Chalobah,22,2016-2017
Oscar,25,2016-2017
Cesc Fàbregas,30,2016-2017
Loftus-Cheek,21,2016-2017
Eden Hazard,26,2016-2017
Pedro Rodríguez,29,2016-2017
Willian,28,2016-2017
Diego Costa,28,2016-2017
Michy Batshuayi,23,2016-2017
Tammy Abraham,19,2016-2017
Dominic Solanke,19,2016-2017
Kenedy,21,2016-2017
Willy Caballero,36,2017-2018
Thibaut Courtois,26,2017-2018
Marcin Bulka,18,2017-2018
Eduardo,35,2017-2018
Jake Clarke-Salter,20,2017-2018
Davide Zappacosta,26,2017-2018
César Azpilicueta,28,2017-2018
Dujon Sterling,18,2017-2018
Antonio Rudiger,25,2017-2018
Gary Cahill,32,2017-2018
Andreas Christensen,22,2017-2018
David Luiz,31,2017-2018
Fikayo Tomori,20,2017-2018
Ethan Ampadu,17,2017-2018
Trevoh Chalobah,18,2017-2018
Marcos Alonso,27,2017-2018
Kenedy,22,2017-2018
Emerson Palmieri,23,2017-2018
Cristian Cuevas,23,2017-2018
NGolo Kanté,27,2017-2018
Ross Barkley,24,2017-2018
Hudson-Odoi,17,2017-2018
Cesc Fàbregas,31,2017-2018
Danny Drinkwater,28,2017-2018
Tiémoué Bakayoko,23,2017-2018
Kyle Scott,20,2017-2018
Pedro Rodríguez,30,2017-2018
Victor Moses,27,2017-2018
Charly Musonda Jr.,21,2017-2018
Willian,29,2017-2018
Álvaro Morata,25,2017-2018
Olivier Giroud,31,2017-2018
Michy Batshuayi,24,2017-2018
Eden Hazard,27,2017-2018
Jérémie Boga,21,2017-2018
Robert Green,39,2018-2019
Kepa Arrizabalaga,24,2018-2019
Willy Caballero,37,2018-2019
Bradley Collins,22,2018-2019
Jamie Cumming,19,2018-2019
Marcin Bulka,19,2018-2019
Jared Thompson,20,2018-2019
Michael Hector,26,2018-2019
Gary Cahill,33,2018-2019
Davide Zappacosta,27,2018-2019
César Azpilicueta,29,2018-2019
Antonio Rudiger,26,2018-2019
Andreas Christensen,23,2018-2019
David Luiz,32,2018-2019
Ethan Ampadu,18,2018-2019
Marc Guéhi,18,2018-2019
Marcos Alonso,28,2018-2019
Emerson Palmieri,24,2018-2019
Kasey Palmer,22,2018-2019
Marco van Ginkel,26,2018-2019
Conor Gallagher,19,2018-2019
NGolo Kanté,28,2018-2019
Ross Barkley,25,2018-2019
George McEachran,18,2018-2019
Cesc Fàbregas,32,2018-2019
Jorginho,27,2018-2019
Danny Drinkwater,29,2018-2019
Loftus-Cheek,23,2018-2019
Mateo Kovacic,25,2018-2019
Charly Musonda Jr.,22,2018-2019
Victor Moses,28,2018-2019
Willian,30,2018-2019
Gonzalo Higuaín,31,2018-2019
Olivier Giroud,32,2018-2019
Tammy Abraham,21,2018-2019
Álvaro Morata,26,2018-2019
Eden Hazard,28,2018-2019
Pedro Rodríguez,31,2018-2019
Hudson-Odoi,18,2018-2019
Lucas Piazón,25,2018-2019
Kepa Arrizabalaga,25,2019-2020
Willy Caballero,38,2019-2020
Jamie Cumming,20,2019-2020
Karlo Ziger,19,2019-2020
David Luiz,33,2019-2020
Ethan Ampadu,19,2019-2020
Marc Guéhi,20,2019-2020
Ian Maatsen,18,2019-2020
Davide Zappacosta,28,2019-2020
Reece James,20,2019-2020
César Azpilicueta,30,2019-2020
Tariq Lamptey,19,2019-2020
Antonio Rudiger,27,2019-2020
Andreas Christensen,24,2019-2020
Kurt Zouma,25,2019-2020
Fikayo Tomori,22,2019-2020
Dynel Simeu,18,2019-2020
Marcos Alonso,29,2019-2020
Emerson Palmieri,25,2019-2020
Danny Drinkwater,30,2019-2020
Henry Lawrence,18,2019-2020
Lewis Bate,17,2019-2020
Jorginho,28,2019-2020
NGolo Kanté,29,2019-2020
Mason Mount,21,2019-2020
Tino Anjorin,18,2019-2020
Marco van Ginkel,27,2019-2020
Ross Barkley,26,2019-2020
Loftus-Cheek,24,2019-2020
Mateo Kovacic,26,2019-2020
Billy Gilmour,19,2019-2020
Izzy Brown,23,2019-2020
Iké Ugbo,21,2019-2020
Willian,31,2019-2020
Tammy Abraham,22,2019-2020
Olivier Giroud,33,2019-2020
Michy Batshuayi,26,2019-2020
Armando Broja,18,2019-2020
Pedro Rodríguez,33,2019-2020
Kenedy,24,2019-2020
Hudson-Odoi,19,2019-2020
Christian Pulisic,21,2019-2020
